{"_step":99,"_wandb":{"runtime":0},"test_metric":0.01938924514317375,"_timestamp":1.736777603547759e+09,"_runtime":0.926366}