{"train_loss":0.10940755158662796,"train_accuracy":0.9375,"_timestamp":1.736765450562596e+09,"_runtime":68.557032,"_wandb":{"runtime":68},"_step":4689}
